epoch,train_l1,val_l1
1,0.18791544792541096,0.1231497334740962
2,0.11963209824027231,0.11575675160887589
