{
  "params_count": 5516033,
  "best_val": 0.11575675160887589,
  "best_epoch": 2,
  "train_epochs_ran": 2,
  "eval": {
    "logmel_l1": 0.11575675010681152,
    "mr_stft": 2.1177073319753013,
    "si_sdr": -45.687320709228516,
    "fad": 18077.429474088727,
    "diversity_real": 11.326834678649902,
    "diversity_fake": 0.2885846197605133
  }
}