{
  "params_count": 6974273,
  "best_val": 0.10659914455224012,
  "best_epoch": 94,
  "train_epochs_ran": 100,
  "eval": {
    "logmel_l1": 0.09306274354457855,
    "mr_stft": 1.9076656500498455,
    "si_sdr": -42.249441065167716,
    "fad": 3.355911189649272,
    "diversity_real": 0.3236809968948364,
    "diversity_fake": 0.170710027217865
  }
}