epoch,train_l1,val_l1
1,0.1845563419427728,0.1307069653600352
2,0.12034701547150636,0.10991733661188156
