{
  "params_count": 8416065,
  "best_val": 0.10991733661188156,
  "best_epoch": 2,
  "train_epochs_ran": 2,
  "eval": {
    "logmel_l1": 0.10991732776165009,
    "mr_stft": 2.1024561723073325,
    "si_sdr": -46.794002532958984,
    "fad": 31312.655316381788,
    "diversity_real": 10.738574028015137,
    "diversity_fake": 0.12807174026966095
  }
}