epoch,train_l1,val_l1
1,0.19577471518568873,0.12157095238173814
2,0.11975942496440234,0.1094090280305479
