{
  "params_count": 14216129,
  "best_val": 0.1094090280305479,
  "best_epoch": 2,
  "train_epochs_ran": 2,
  "eval": {
    "logmel_l1": 0.10940902680158615,
    "mr_stft": 2.125901460647583,
    "si_sdr": -45.35216522216797,
    "fad": 14051.183184415424,
    "diversity_real": 4.734128475189209,
    "diversity_fake": 0.0492648184299469
  }
}