{
  "runs": [
    {
      "run_name": "cvae_nb_002_20260319_003524_lat128_lr0.0003_bs64_st176_nm128_fft2048_hop512_bkl0.001",
      "run_dir": "/home/kirill/Files/IU_Cources/S26_GenAI/s26_genai_project/experiments/cvae/cvae_nb_002_20260319_003524_lat128_lr0.0003_bs64_st176_nm128_fft2048_hop512_bkl0.001",
      "spec_dir": "/mnt/shared/gen_ai_proj_data/UrbanSound8K/spectrograms",
      "checkpoint": "/home/kirill/Files/IU_Cources/S26_GenAI/s26_genai_project/experiments/cvae/cvae_nb_002_20260319_003524_lat128_lr0.0003_bs64_st176_nm128_fft2048_hop512_bkl0.001/checkpoints/cvae_best.pt",
      "tb_dir": "/home/kirill/Files/IU_Cources/S26_GenAI/s26_genai_project/experiments/cvae/cvae_nb_002_20260319_003524_lat128_lr0.0003_bs64_st176_nm128_fft2048_hop512_bkl0.001/tb",
      "params_count": 11332545,
      "best_val": 0.10597039803538262,
      "best_epoch": 80,
      "latent_dim": 128,
      "embed_dim": 32,
      "base_ch": 32,
      "lr": 0.0003,
      "batch_size": 64,
      "spec_t": 176,
      "val_ratio": 0.1,
      "n_mels": 128,
      "n_fft": 2048,
      "hop_length": 512,
      "beta_kl": 0.001,
      "logmel_l1": 0.0925176665186882,
      "mr_stft": 1.9071505069732666,
      "si_sdr": -42.794852918152706,
      "fad": 3.3378550016822146,
      "diversity_real": 0.2099350541830063,
      "diversity_fake": 0.11149095743894577
    },
    {
      "run_name": "cvae_nb_003_20260319_011350_lat64_lr0.0001_bs64_st176_nm128_fft2048_hop512_bkl0.001",
      "run_dir": "/home/kirill/Files/IU_Cources/S26_GenAI/s26_genai_project/experiments/cvae/cvae_nb_003_20260319_011350_lat64_lr0.0001_bs64_st176_nm128_fft2048_hop512_bkl0.001",
      "spec_dir": "/mnt/shared/gen_ai_proj_data/UrbanSound8K/spectrograms",
      "checkpoint": "/home/kirill/Files/IU_Cources/S26_GenAI/s26_genai_project/experiments/cvae/cvae_nb_003_20260319_011350_lat64_lr0.0001_bs64_st176_nm128_fft2048_hop512_bkl0.001/checkpoints/cvae_best.pt",
      "tb_dir": "/home/kirill/Files/IU_Cources/S26_GenAI/s26_genai_project/experiments/cvae/cvae_nb_003_20260319_011350_lat64_lr0.0001_bs64_st176_nm128_fft2048_hop512_bkl0.001/tb",
      "params_count": 6974273,
      "best_val": 0.1094983792079683,
      "best_epoch": 94,
      "latent_dim": 64,
      "embed_dim": 32,
      "base_ch": 32,
      "lr": 0.0001,
      "batch_size": 64,
      "spec_t": 176,
      "val_ratio": 0.1,
      "n_mels": 128,
      "n_fft": 2048,
      "hop_length": 512,
      "beta_kl": 0.001,
      "logmel_l1": 0.09565552324056625,
      "mr_stft": 1.9287875493367512,
      "si_sdr": -43.42169250645101,
      "fad": 3.5745860455076266,
      "diversity_real": 0.33913731575012207,
      "diversity_fake": 0.180149644613266
    },
    {
      "run_name": "cvae_nb_004_20260319_015341_lat128_lr0.0001_bs64_st176_nm128_fft2048_hop512_bkl0.001",
      "run_dir": "/home/kirill/Files/IU_Cources/S26_GenAI/s26_genai_project/experiments/cvae/cvae_nb_004_20260319_015341_lat128_lr0.0001_bs64_st176_nm128_fft2048_hop512_bkl0.001",
      "spec_dir": "/mnt/shared/gen_ai_proj_data/UrbanSound8K/spectrograms",
      "checkpoint": "/home/kirill/Files/IU_Cources/S26_GenAI/s26_genai_project/experiments/cvae/cvae_nb_004_20260319_015341_lat128_lr0.0001_bs64_st176_nm128_fft2048_hop512_bkl0.001/checkpoints/cvae_best.pt",
      "tb_dir": "/home/kirill/Files/IU_Cources/S26_GenAI/s26_genai_project/experiments/cvae/cvae_nb_004_20260319_015341_lat128_lr0.0001_bs64_st176_nm128_fft2048_hop512_bkl0.001/tb",
      "params_count": 11332545,
      "best_val": 0.1112054599297552,
      "best_epoch": 85,
      "latent_dim": 128,
      "embed_dim": 32,
      "base_ch": 32,
      "lr": 0.0001,
      "batch_size": 64,
      "spec_t": 176,
      "val_ratio": 0.1,
      "n_mels": 128,
      "n_fft": 2048,
      "hop_length": 512,
      "beta_kl": 0.001,
      "logmel_l1": 0.09718212485313416,
      "mr_stft": 1.9460875988006592,
      "si_sdr": -44.3790655469751,
      "fad": 3.8941305264377553,
      "diversity_real": 0.22370606660842896,
      "diversity_fake": 0.11758407950401306
    },
    {
      "run_name": "cvae_nb_005_20260319_023146_lat64_lr0.0003_bs64_st176_nm128_fft2048_hop512_bkl0.001",
      "run_dir": "/home/kirill/Files/IU_Cources/S26_GenAI/s26_genai_project/experiments/cvae/cvae_nb_005_20260319_023146_lat64_lr0.0003_bs64_st176_nm128_fft2048_hop512_bkl0.001",
      "spec_dir": "/mnt/shared/gen_ai_proj_data/UrbanSound8K/spectrograms",
      "checkpoint": "/home/kirill/Files/IU_Cources/S26_GenAI/s26_genai_project/experiments/cvae/cvae_nb_005_20260319_023146_lat64_lr0.0003_bs64_st176_nm128_fft2048_hop512_bkl0.001/checkpoints/cvae_best.pt",
      "tb_dir": "/home/kirill/Files/IU_Cources/S26_GenAI/s26_genai_project/experiments/cvae/cvae_nb_005_20260319_023146_lat64_lr0.0003_bs64_st176_nm128_fft2048_hop512_bkl0.001/tb",
      "params_count": 6974273,
      "best_val": 0.10578945990041633,
      "best_epoch": 94,
      "latent_dim": 64,
      "embed_dim": 32,
      "base_ch": 32,
      "lr": 0.0003,
      "batch_size": 64,
      "spec_t": 176,
      "val_ratio": 0.1,
      "n_mels": 128,
      "n_fft": 2048,
      "hop_length": 512,
      "beta_kl": 0.001,
      "logmel_l1": 0.09182339906692505,
      "mr_stft": 1.8970887263615925,
      "si_sdr": -42.20322736719309,
      "fad": 3.019801469448902,
      "diversity_real": 0.3241402506828308,
      "diversity_fake": 0.18512125313282013
    },
    {
      "run_name": "cvae_nb_006_20260319_031056_lat256_lr0.0001_bs64_st176_nm128_fft2048_hop512_bkl0.005",
      "run_dir": "/home/kirill/Files/IU_Cources/S26_GenAI/s26_genai_project/experiments/cvae/cvae_nb_006_20260319_031056_lat256_lr0.0001_bs64_st176_nm128_fft2048_hop512_bkl0.005",
      "spec_dir": "/mnt/shared/gen_ai_proj_data/UrbanSound8K/spectrograms",
      "checkpoint": "/home/kirill/Files/IU_Cources/S26_GenAI/s26_genai_project/experiments/cvae/cvae_nb_006_20260319_031056_lat256_lr0.0001_bs64_st176_nm128_fft2048_hop512_bkl0.005/checkpoints/cvae_best.pt",
      "tb_dir": "/home/kirill/Files/IU_Cources/S26_GenAI/s26_genai_project/experiments/cvae/cvae_nb_006_20260319_031056_lat256_lr0.0001_bs64_st176_nm128_fft2048_hop512_bkl0.005/tb",
      "params_count": 20049089,
      "best_val": 0.14131521523203636,
      "best_epoch": 91,
      "latent_dim": 256,
      "embed_dim": 32,
      "base_ch": 32,
      "lr": 0.0001,
      "batch_size": 64,
      "spec_t": 176,
      "val_ratio": 0.1,
      "n_mels": 128,
      "n_fft": 2048,
      "hop_length": 512,
      "beta_kl": 0.005,
      "logmel_l1": 0.12094800919294357,
      "mr_stft": 2.138150135676066,
      "si_sdr": -46.769296095937484,
      "fad": 0.9858630220605626,
      "diversity_real": 0.08098122477531433,
      "diversity_fake": 0.04581797868013382
    }
  ]
}