epoch,train_l1,val_l1
1,0.21508740254039452,0.14103632576481992
2,0.12731685917262797,0.1189861180429333
