{
  "params_count": 8416065,
  "best_val": 0.1189861180429333,
  "best_epoch": 2,
  "train_epochs_ran": 2,
  "eval": {
    "logmel_l1": 0.118986114859581,
    "mr_stft": 2.377906243006388,
    "si_sdr": -55.257423400878906,
    "fad": 9289.373468445092,
    "diversity_real": 5.509101867675781,
    "diversity_fake": 0.07772737741470337
  }
}