epoch,train_l1,val_l1
1,0.24319336422945284,0.15368756675774836
2,0.14515967506695862,0.1295818652347464
