{
  "params_count": 5516033,
  "best_val": 0.1295818652347464,
  "best_epoch": 2,
  "train_epochs_ran": 2,
  "eval": {
    "logmel_l1": 0.12958186864852905,
    "mr_stft": 2.573899030685425,
    "si_sdr": -48.50310516357422,
    "fad": 6119.349128979355,
    "diversity_real": 4.554116249084473,
    "diversity_fake": 0.009329383261501789
  }
}