epoch,train_l1,val_l1
1,0.17775855425952394,0.12374756847938174
2,0.11559995395306913,0.1081299595918852
