{
  "params_count": 14216129,
  "best_val": 0.1081299595918852,
  "best_epoch": 2,
  "train_epochs_ran": 2,
  "eval": {
    "logmel_l1": 0.10812995582818985,
    "mr_stft": 2.0958362420399985,
    "si_sdr": -44.04129409790039,
    "fad": 41224.84646745063,
    "diversity_real": 9.730859756469727,
    "diversity_fake": 0.09141743183135986
  }
}