{
  "params_count": 11332545,
  "best_val": 0.10597039803538262,
  "best_epoch": 80,
  "train_epochs_ran": 92,
  "eval": {
    "logmel_l1": 0.0925176665186882,
    "mr_stft": 1.9071505069732666,
    "si_sdr": -42.794852918152706,
    "fad": 3.3378550016822146,
    "diversity_real": 0.2099350541830063,
    "diversity_fake": 0.11149095743894577
  }
}