{
  "runs": [
    {
      "run_name": "cae_nb_001_20260228_190948_lat64_lr0.0003_bs64_st176_nm128_fft2048_hop512",
      "run_dir": "/Users/kate/untitled folder 10/s26_genai_project/experiments/cae/cae_nb_001_20260228_190948_lat64_lr0.0003_bs64_st176_nm128_fft2048_hop512",
      "spec_dir": "/Users/kate/untitled folder 10/UrbanSound8K/spectrograms",
      "checkpoint": "/Users/kate/untitled folder 10/s26_genai_project/experiments/cae/cae_nb_001_20260228_190948_lat64_lr0.0003_bs64_st176_nm128_fft2048_hop512/checkpoints/cae_best.pt",
      "tb_dir": "/Users/kate/untitled folder 10/s26_genai_project/experiments/cae/cae_nb_001_20260228_190948_lat64_lr0.0003_bs64_st176_nm128_fft2048_hop512/tb",
      "params_count": 5516033,
      "best_val": 0.11575675160887589,
      "best_epoch": 2,
      "latent_dim": 64,
      "embed_dim": 32,
      "base_ch": 32,
      "lr": 0.0003,
      "batch_size": 64,
      "spec_t": 176,
      "val_ratio": 0.1,
      "n_mels": 128,
      "n_fft": 2048,
      "hop_length": 512,
      "logmel_l1": 0.11575675010681152,
      "mr_stft": 2.1177073319753013,
      "si_sdr": -45.687320709228516,
      "fad": 18077.429474088727,
      "diversity_real": 11.326834678649902,
      "diversity_fake": 0.2885846197605133
    },
    {
      "run_name": "cae_nb_002_20260228_193331_lat64_lr0.0001_bs64_st176_nm128_fft2048_hop512",
      "run_dir": "/Users/kate/untitled folder 10/s26_genai_project/experiments/cae/cae_nb_002_20260228_193331_lat64_lr0.0001_bs64_st176_nm128_fft2048_hop512",
      "spec_dir": "/Users/kate/untitled folder 10/UrbanSound8K/spectrograms",
      "checkpoint": "/Users/kate/untitled folder 10/s26_genai_project/experiments/cae/cae_nb_002_20260228_193331_lat64_lr0.0001_bs64_st176_nm128_fft2048_hop512/checkpoints/cae_best.pt",
      "tb_dir": "/Users/kate/untitled folder 10/s26_genai_project/experiments/cae/cae_nb_002_20260228_193331_lat64_lr0.0001_bs64_st176_nm128_fft2048_hop512/tb",
      "params_count": 5516033,
      "best_val": 0.1295818652347464,
      "best_epoch": 2,
      "latent_dim": 64,
      "embed_dim": 32,
      "base_ch": 32,
      "lr": 0.0001,
      "batch_size": 64,
      "spec_t": 176,
      "val_ratio": 0.1,
      "n_mels": 128,
      "n_fft": 2048,
      "hop_length": 512,
      "logmel_l1": 0.12958186864852905,
      "mr_stft": 2.573899030685425,
      "si_sdr": -48.50310516357422,
      "fad": 6119.349128979355,
      "diversity_real": 4.554116249084473,
      "diversity_fake": 0.009329383261501789
    },
    {
      "run_name": "cae_nb_003_20260228_195542_lat128_lr0.0003_bs64_st176_nm128_fft2048_hop512",
      "run_dir": "/Users/kate/untitled folder 10/s26_genai_project/experiments/cae/cae_nb_003_20260228_195542_lat128_lr0.0003_bs64_st176_nm128_fft2048_hop512",
      "spec_dir": "/Users/kate/untitled folder 10/UrbanSound8K/spectrograms",
      "checkpoint": "/Users/kate/untitled folder 10/s26_genai_project/experiments/cae/cae_nb_003_20260228_195542_lat128_lr0.0003_bs64_st176_nm128_fft2048_hop512/checkpoints/cae_best.pt",
      "tb_dir": "/Users/kate/untitled folder 10/s26_genai_project/experiments/cae/cae_nb_003_20260228_195542_lat128_lr0.0003_bs64_st176_nm128_fft2048_hop512/tb",
      "params_count": 8416065,
      "best_val": 0.10991733661188156,
      "best_epoch": 2,
      "latent_dim": 128,
      "embed_dim": 32,
      "base_ch": 32,
      "lr": 0.0003,
      "batch_size": 64,
      "spec_t": 176,
      "val_ratio": 0.1,
      "n_mels": 128,
      "n_fft": 2048,
      "hop_length": 512,
      "logmel_l1": 0.10991732776165009,
      "mr_stft": 2.1024561723073325,
      "si_sdr": -46.794002532958984,
      "fad": 31312.655316381788,
      "diversity_real": 10.738574028015137,
      "diversity_fake": 0.12807174026966095
    },
    {
      "run_name": "cae_nb_004_20260228_201757_lat128_lr0.0001_bs64_st176_nm128_fft2048_hop512",
      "run_dir": "/Users/kate/untitled folder 10/s26_genai_project/experiments/cae/cae_nb_004_20260228_201757_lat128_lr0.0001_bs64_st176_nm128_fft2048_hop512",
      "spec_dir": "/Users/kate/untitled folder 10/UrbanSound8K/spectrograms",
      "checkpoint": "/Users/kate/untitled folder 10/s26_genai_project/experiments/cae/cae_nb_004_20260228_201757_lat128_lr0.0001_bs64_st176_nm128_fft2048_hop512/checkpoints/cae_best.pt",
      "tb_dir": "/Users/kate/untitled folder 10/s26_genai_project/experiments/cae/cae_nb_004_20260228_201757_lat128_lr0.0001_bs64_st176_nm128_fft2048_hop512/tb",
      "params_count": 8416065,
      "best_val": 0.1189861180429333,
      "best_epoch": 2,
      "latent_dim": 128,
      "embed_dim": 32,
      "base_ch": 32,
      "lr": 0.0001,
      "batch_size": 64,
      "spec_t": 176,
      "val_ratio": 0.1,
      "n_mels": 128,
      "n_fft": 2048,
      "hop_length": 512,
      "logmel_l1": 0.118986114859581,
      "mr_stft": 2.377906243006388,
      "si_sdr": -55.257423400878906,
      "fad": 9289.373468445092,
      "diversity_real": 5.509101867675781,
      "diversity_fake": 0.07772737741470337
    },
    {
      "run_name": "cae_nb_005_20260228_204016_lat256_lr0.0003_bs64_st176_nm128_fft2048_hop512",
      "run_dir": "/Users/kate/untitled folder 10/s26_genai_project/experiments/cae/cae_nb_005_20260228_204016_lat256_lr0.0003_bs64_st176_nm128_fft2048_hop512",
      "spec_dir": "/Users/kate/untitled folder 10/UrbanSound8K/spectrograms",
      "checkpoint": "/Users/kate/untitled folder 10/s26_genai_project/experiments/cae/cae_nb_005_20260228_204016_lat256_lr0.0003_bs64_st176_nm128_fft2048_hop512/checkpoints/cae_best.pt",
      "tb_dir": "/Users/kate/untitled folder 10/s26_genai_project/experiments/cae/cae_nb_005_20260228_204016_lat256_lr0.0003_bs64_st176_nm128_fft2048_hop512/tb",
      "params_count": 14216129,
      "best_val": 0.1081299595918852,
      "best_epoch": 2,
      "latent_dim": 256,
      "embed_dim": 32,
      "base_ch": 32,
      "lr": 0.0003,
      "batch_size": 64,
      "spec_t": 176,
      "val_ratio": 0.1,
      "n_mels": 128,
      "n_fft": 2048,
      "hop_length": 512,
      "logmel_l1": 0.10812995582818985,
      "mr_stft": 2.0958362420399985,
      "si_sdr": -44.04129409790039,
      "fad": 41224.84646745063,
      "diversity_real": 9.730859756469727,
      "diversity_fake": 0.09141743183135986
    },
    {
      "run_name": "cae_nb_006_20260228_210226_lat256_lr0.0001_bs64_st176_nm128_fft2048_hop512",
      "run_dir": "/Users/kate/untitled folder 10/s26_genai_project/experiments/cae/cae_nb_006_20260228_210226_lat256_lr0.0001_bs64_st176_nm128_fft2048_hop512",
      "spec_dir": "/Users/kate/untitled folder 10/UrbanSound8K/spectrograms",
      "checkpoint": "/Users/kate/untitled folder 10/s26_genai_project/experiments/cae/cae_nb_006_20260228_210226_lat256_lr0.0001_bs64_st176_nm128_fft2048_hop512/checkpoints/cae_best.pt",
      "tb_dir": "/Users/kate/untitled folder 10/s26_genai_project/experiments/cae/cae_nb_006_20260228_210226_lat256_lr0.0001_bs64_st176_nm128_fft2048_hop512/tb",
      "params_count": 14216129,
      "best_val": 0.1094090280305479,
      "best_epoch": 2,
      "latent_dim": 256,
      "embed_dim": 32,
      "base_ch": 32,
      "lr": 0.0001,
      "batch_size": 64,
      "spec_t": 176,
      "val_ratio": 0.1,
      "n_mels": 128,
      "n_fft": 2048,
      "hop_length": 512,
      "logmel_l1": 0.10940902680158615,
      "mr_stft": 2.125901460647583,
      "si_sdr": -45.35216522216797,
      "fad": 14051.183184415424,
      "diversity_real": 4.734128475189209,
      "diversity_fake": 0.0492648184299469
    }
  ]
}