{
  "params_count": 6974273,
  "best_val": 0.10578945990041633,
  "best_epoch": 94,
  "train_epochs_ran": 100,
  "eval": {
    "logmel_l1": 0.09182339906692505,
    "mr_stft": 1.8970887263615925,
    "si_sdr": -42.20322736719309,
    "fad": 3.019801469448902,
    "diversity_real": 0.3241402506828308,
    "diversity_fake": 0.18512125313282013
  }
}