{
  "prior": {
    "fad_mean": 2.2549563822885985,
    "fad_std": 0.038485263153194324,
    "div_ratio_mean": 0.6985542794047543,
    "div_ratio_std": 0.0027118304990597308
  },
  "class_posterior": {
    "fad_mean": 2.2021613179148485,
    "fad_std": 0.055170399067594945,
    "div_ratio_mean": 0.6763415766628569,
    "div_ratio_std": 0.006539426610604329
  }
}