{
  "params_count": 11332545,
  "best_val": 0.1112054599297552,
  "best_epoch": 85,
  "train_epochs_ran": 97,
  "eval": {
    "logmel_l1": 0.09718212485313416,
    "mr_stft": 1.9460875988006592,
    "si_sdr": -44.3790655469751,
    "fad": 3.8941305264377553,
    "diversity_real": 0.22370606660842896,
    "diversity_fake": 0.11758407950401306
  }
}