{
  "params_count": 6974273,
  "best_val": 0.1094983792079683,
  "best_epoch": 94,
  "train_epochs_ran": 100,
  "eval": {
    "logmel_l1": 0.09565552324056625,
    "mr_stft": 1.9287875493367512,
    "si_sdr": -43.42169250645101,
    "fad": 3.5745860455076266,
    "diversity_real": 0.33913731575012207,
    "diversity_fake": 0.180149644613266
  }
}