{
  "params_count": 20049089,
  "best_val": 0.14131521523203636,
  "best_epoch": 91,
  "train_epochs_ran": 100,
  "eval": {
    "logmel_l1": 0.12094800919294357,
    "mr_stft": 2.138150135676066,
    "si_sdr": -46.769296095937484,
    "fad": 0.9858630220605626,
    "diversity_real": 0.08098122477531433,
    "diversity_fake": 0.04581797868013382
  }
}